u_x_normalized,v_y_normalized
0.074561,0.188935
0.074854,0.189062
0.075146,0.189190
0.075439,0.189319
0.075731,0.189460
0.076023,0.189590
0.076316,0.189731
0.076608,0.189881
0.076901,0.190021
0.077193,0.190170
0.077485,0.190327
0.077778,0.190474
0.078070,0.190629
0.078363,0.190775
0.078655,0.190929
0.078947,0.191089
0.079240,0.191240
0.079532,0.191398
0.079825,0.191555
0.080117,0.191711
0.080409,0.191873
0.080702,0.192145
0.080994,0.192428
0.081287,0.192717
0.081579,0.192999
0.081871,0.193294
0.082164,0.193590
0.082456,0.193892
0.082749,0.194201
0.083041,0.194507
0.083333,0.194823
0.083626,0.195145
0.083918,0.195475
0.084211,0.195811
0.084503,0.196147
0.084795,0.196486
0.085088,0.196829
0.085380,0.197165
0.085673,0.197507
0.085965,0.197843
0.086257,0.198179
0.086550,0.198515
0.086842,0.198851
0.087135,0.199200
0.087427,0.199543
0.087719,0.199872
0.088012,0.200208
0.088304,0.200544
0.088596,0.200873
0.088889,0.201209
0.089181,0.201545
0.089474,0.201868
0.089766,0.202204
0.090058,0.202533
0.090351,0.202869
0.090643,0.203205
0.090936,0.203528
0.091228,0.203863
0.091520,0.204193
0.091813,0.204522
0.092105,0.204851
0.092398,0.205174
0.092690,0.205510
0.092982,0.205832
0.093275,0.206155
0.093567,0.206484
0.093860,0.206806
0.094152,0.207142
0.094444,0.207465
0.094737,0.207781
0.095029,0.208117
0.095322,0.208446
0.095614,0.208768
0.095906,0.209084
0.096199,0.209400
0.096491,0.209716
0.096784,0.210038
0.097076,0.210361
0.097368,0.210683
0.097661,0.210999
0.097953,0.211322
0.098246,0.211644
0.098538,0.211967
0.098830,0.212289
0.099123,0.212598
0.099415,0.212914
0.099708,0.213237
0.100000,0.213559
0.100292,0.213875
0.100585,0.214191
0.100877,0.214513
0.101170,0.214829
0.101462,0.215152
0.101754,0.215467
0.102047,0.215783
0.102339,0.216099
0.102632,0.216408
0.102924,0.216724
0.103216,0.217033
0.103509,0.217355
0.103801,0.217671
0.104094,0.217980
0.104386,0.218303
0.104678,0.218619
0.104971,0.218934
0.105263,0.219243
0.105556,0.219553
0.105848,0.219862
0.106140,0.220171
0.106433,0.220480
0.106725,0.220796
0.107018,0.221098
0.107310,0.221400
0.107602,0.221709
0.107895,0.222025
0.108187,0.222334
0.108480,0.222637
0.108772,0.222932
0.109064,0.223241
0.109357,0.223544
0.109649,0.223853
0.109942,0.224162
0.110234,0.224464
0.110526,0.224773
0.110819,0.225076
0.111111,0.225378
0.111404,0.225680
0.111696,0.225989
0.111988,0.226298
0.112281,0.226608
0.112573,0.226910
0.112865,0.227206
0.113158,0.227501
0.113450,0.227797
0.113743,0.228099
0.114035,0.228402
0.114327,0.228704
0.114620,0.229006
0.114912,0.229309
0.115205,0.229611
0.115497,0.229900
0.115789,0.230196
0.116082,0.230498
0.116374,0.230787
0.116667,0.231076
0.116959,0.231371
0.117251,0.231667
0.117544,0.231963
0.117836,0.232258
0.118129,0.232554
0.118421,0.232856
0.118713,0.233145
0.119006,0.233434
0.119298,0.233723
0.119591,0.234012
0.119883,0.234301
0.120175,0.234597
0.120468,0.234899
0.120760,0.235201
0.121053,0.235483
0.121345,0.235779
0.121637,0.236061
0.121930,0.236350
0.122222,0.236639
0.122515,0.236928
0.122807,0.237217
0.123099,0.237506
0.123392,0.237795
0.123684,0.238077
0.123977,0.238359
0.124269,0.238641
0.124561,0.238930
0.124854,0.239219
0.125146,0.239508
0.125439,0.239797
0.125731,0.240086
0.126023,0.240368
0.126316,0.240650
0.126608,0.240933
0.126901,0.241215
0.127193,0.241497
0.127485,0.241779
0.127778,0.242061
0.128070,0.242344
0.128363,0.242626
0.128655,0.242908
0.128947,0.243190
0.129240,0.243472
0.129532,0.243755
0.129825,0.244037
0.130117,0.244312
0.130409,0.244595
0.130702,0.244877
0.130994,0.245152
0.131287,0.245434
0.131579,0.245717
0.131871,0.245999
0.132164,0.246274
0.132456,0.246550
0.132749,0.246819
0.133041,0.247101
0.133333,0.247369
0.133626,0.247652
0.133918,0.247927
0.134211,0.248203
0.134503,0.248471
0.134795,0.248747
0.135088,0.249016
0.135380,0.249291
0.135673,0.249560
0.135965,0.249835
0.136257,0.250104
0.136550,0.250380
0.136842,0.250648
0.137135,0.250924
0.137427,0.251193
0.137719,0.251461
0.138012,0.251730
0.138304,0.252006
0.138596,0.252274
0.138889,0.252550
0.139181,0.252819
0.139474,0.253087
0.139766,0.253356
0.140058,0.253625
0.140351,0.253894
0.140643,0.254156
0.140936,0.254425
0.141228,0.254687
0.141520,0.254955
0.141813,0.255224
0.142105,0.255493
0.142398,0.255748
0.142690,0.256017
0.142982,0.256286
0.143275,0.256548
0.143567,0.256810
0.143860,0.257072
0.144152,0.257334
0.144444,0.257596
0.144737,0.257865
0.145029,0.258120
0.145322,0.258389
0.145614,0.258644
0.145906,0.258906
0.146199,0.259161
0.146491,0.259430
0.146784,0.259686
0.147076,0.259954
0.147368,0.260210
0.147661,0.260478
0.147953,0.260734
0.148246,0.260996
0.148538,0.261251
0.148830,0.261506
0.149123,0.261762
0.149415,0.262017
0.149708,0.262279
0.150000,0.262541
0.150292,0.262796
0.150585,0.263052
0.150877,0.263294
0.151170,0.263549
0.151462,0.263811
0.151754,0.264066
0.152047,0.264322
0.152339,0.264577
0.152632,0.264832
0.152924,0.265088
0.153216,0.265343
0.153509,0.265598
0.153801,0.265847
0.154094,0.266102
0.154386,0.266358
0.154678,0.266599
0.154971,0.266855
0.155263,0.267103
0.155556,0.267359
0.155848,0.267607
0.156140,0.267863
0.156433,0.268111
0.156725,0.268367
0.157018,0.268622
0.157310,0.268864
0.157602,0.269119
0.157895,0.269361
0.158187,0.269616
0.158480,0.269858
0.158772,0.270114
0.159064,0.270355
0.159357,0.270611
0.159649,0.270853
0.159942,0.271101
0.160234,0.271350
0.160526,0.271598
0.160819,0.271854
0.161111,0.272096
0.161404,0.272351
0.161696,0.272586
0.161988,0.272828
0.162281,0.273070
0.162573,0.273312
0.162865,0.273567
0.163158,0.273809
0.163450,0.274044
0.163743,0.274286
0.164035,0.274521
0.164327,0.274756
0.164620,0.274992
0.164912,0.275220
0.165205,0.275462
0.165497,0.275697
0.165789,0.275939
0.166082,0.276174
0.166374,0.276416
0.166667,0.276658
0.166959,0.276900
0.167251,0.277142
0.167544,0.277384
0.167836,0.277625
0.168129,0.277861
0.168421,0.278103
0.168713,0.278331
0.169006,0.278573
0.169298,0.278815
0.169591,0.279050
0.169883,0.279292
0.170175,0.279527
0.170468,0.279769
0.170760,0.279997
0.171053,0.280232
0.171345,0.280468
0.171637,0.280703
0.171930,0.280938
0.172222,0.281166
0.172515,0.281395
0.172807,0.281617
0.173099,0.281852
0.173392,0.282080
0.173684,0.282309
0.173977,0.282544
0.174269,0.282772
0.174561,0.283007
0.174854,0.283236
0.175146,0.283464
0.175439,0.283700
0.175731,0.283928
0.176023,0.284163
0.176316,0.284398
0.176608,0.284633
0.176901,0.284875
0.177193,0.285104
0.177485,0.285332
0.177778,0.285561
0.178070,0.285789
0.178363,0.286018
0.178655,0.286253
0.178947,0.286475
0.179240,0.286710
0.179532,0.286931
0.179825,0.287160
0.180117,0.287388
0.180409,0.287610
0.180702,0.287838
0.180994,0.288060
0.181287,0.288289
0.181579,0.288510
0.181871,0.288732
0.182164,0.288954
0.182456,0.289176
0.182749,0.289404
0.183041,0.289626
0.183333,0.289847
0.183626,0.290069
0.183918,0.290291
0.184211,0.290519
0.184503,0.290741
0.184795,0.290970
0.185088,0.291191
0.185380,0.291413
0.185673,0.291641
0.185965,0.291856
0.186257,0.292078
0.186550,0.292300
0.186842,0.292522
0.187135,0.292743
0.187427,0.292958
0.187719,0.293180
0.188012,0.293395
0.188304,0.293610
0.188596,0.293839
0.188889,0.294054
0.189181,0.294275
0.189474,0.294497
0.189766,0.294712
0.190058,0.294927
0.190351,0.295142
0.190643,0.295350
0.190936,0.295572
0.191228,0.295780
0.191520,0.295995
0.191813,0.296210
0.192105,0.296419
0.192398,0.296634
0.192690,0.296849
0.192982,0.297064
0.193275,0.297279
0.193567,0.297494
0.193860,0.297709
0.194152,0.297924
0.194444,0.298139
0.194737,0.298354
0.195029,0.298576
0.195322,0.298784
0.195614,0.298999
0.195906,0.299207
0.196199,0.299415
0.196491,0.299624
0.196784,0.299839
0.197076,0.300047
0.197368,0.300255
0.197661,0.300464
0.197953,0.300679
0.198246,0.300887
0.198538,0.301095
0.198830,0.301304
0.199123,0.301519
0.199415,0.301727
0.199708,0.301935
0.200000,0.302150
0.200292,0.302365
0.200585,0.302567
0.200877,0.302775
0.201170,0.302983
0.201462,0.303192
0.201754,0.303400
0.202047,0.303608
0.202339,0.303816
0.202632,0.304031
0.202924,0.304233
0.203216,0.304441
0.203509,0.304643
0.203801,0.304844
0.204094,0.305053
0.204386,0.305261
0.204678,0.305463
0.204971,0.305664
0.205263,0.305866
0.205556,0.306074
0.205848,0.306276
0.206140,0.306477
0.206433,0.306679
0.206725,0.306874
0.207018,0.307062
0.207310,0.307270
0.207602,0.307478
0.207895,0.307687
0.208187,0.307888
0.208480,0.308096
0.208772,0.308298
0.209064,0.308500
0.209357,0.308701
0.209649,0.308903
0.209942,0.309098
0.210234,0.309299
0.210526,0.309501
0.210819,0.309696
0.211111,0.309890
0.211404,0.310092
0.211696,0.310294
0.211988,0.310495
0.212281,0.310690
0.212573,0.310892
0.212865,0.311093
0.213158,0.311288
0.213450,0.311483
0.213743,0.311684
0.214035,0.311879
0.214327,0.312074
0.214620,0.312269
0.214912,0.312464
0.215205,0.312659
0.215497,0.312860
0.215789,0.313055
0.216082,0.313250
0.216374,0.313445
0.216667,0.313646
0.216959,0.313848
0.217251,0.314043
0.217544,0.314231
0.217836,0.314433
0.218129,0.314627
0.218421,0.314816
0.218713,0.315010
0.219006,0.315212
0.219298,0.315393
0.219591,0.315575
0.219883,0.315763
0.220175,0.315951
0.220468,0.316139
0.220760,0.316327
0.221053,0.316515
0.221345,0.316710
0.221637,0.316898
0.221930,0.317093
0.222222,0.317281
0.222515,0.317470
0.222807,0.317658
0.223099,0.317853
0.223392,0.318041
0.223684,0.318222
0.223977,0.318404
0.224269,0.318592
0.224561,0.318773
0.224854,0.318955
0.225146,0.319143
0.225439,0.319324
0.225731,0.319505
0.226023,0.319700
0.226316,0.319888
0.226608,0.320077
0.226901,0.320265
0.227193,0.320446
0.227485,0.320628
0.227778,0.320816
0.228070,0.320997
0.228363,0.321179
0.228655,0.321360
0.228947,0.321535
0.229240,0.321716
0.229532,0.321904
0.229825,0.322079
0.230117,0.322260
0.230409,0.322448
0.230702,0.322637
0.230994,0.322825
0.231287,0.323013
0.231579,0.323194
0.231871,0.323376
0.232164,0.323564
0.232456,0.323745
0.232749,0.323927
0.233041,0.324115
0.233333,0.324289
0.233626,0.324471
0.233918,0.324652
0.234211,0.324834
0.234503,0.325008
0.234795,0.325197
0.235088,0.325371
0.235380,0.325559
0.235673,0.325747
0.235965,0.325929
0.236257,0.326104
0.236550,0.326285
0.236842,0.326466
0.237135,0.326641
0.237427,0.326823
0.237719,0.327004
0.238012,0.327172
0.238304,0.327347
0.238596,0.327521
0.238889,0.327696
0.239181,0.327877
0.239474,0.328059
0.239766,0.328234
0.240058,0.328408
0.240351,0.328590
0.240643,0.328764
0.240936,0.328939
0.241228,0.329107
0.241520,0.329275
0.241813,0.329450
0.242105,0.329624
0.242398,0.329799
0.242690,0.329967
0.242982,0.330135
0.243275,0.330310
0.243567,0.330484
0.243860,0.330652
0.244152,0.330827
0.244444,0.331002
0.244737,0.331177
0.245029,0.331351
0.245322,0.331526
0.245614,0.331694
0.245906,0.331855
0.246199,0.332030
0.246491,0.332205
0.246784,0.332373
0.247076,0.332547
0.247368,0.332708
0.247661,0.332870
0.247953,0.333038
0.248246,0.333212
0.248538,0.333380
0.248830,0.333548
0.249123,0.333723
0.249415,0.333891
0.249708,0.334052
0.250000,0.334227
0.250292,0.334395
0.250585,0.334563
0.250877,0.334738
0.251170,0.334906
0.251462,0.335067
0.251754,0.335235
0.252047,0.335410
0.252339,0.335571
0.252632,0.335732
0.252924,0.335907
0.253216,0.336081
0.253509,0.336249
0.253801,0.336417
0.254094,0.336585
0.254386,0.336747
0.254678,0.336908
0.254971,0.337076
0.255263,0.337237
0.255556,0.337398
0.255848,0.337573
0.256140,0.337734
0.256433,0.337896
0.256725,0.338050
0.257018,0.338211
0.257310,0.338373
0.257602,0.338534
0.257895,0.338702
0.258187,0.338863
0.258480,0.339024
0.258772,0.339186
0.259064,0.339347
0.259357,0.339508
0.259649,0.339669
0.259942,0.339831
0.260234,0.339992
0.260526,0.340153
0.260819,0.340308
0.261111,0.340469
0.261404,0.340630
0.261696,0.340792
0.261988,0.340953
0.262281,0.341114
0.262573,0.341269
0.262865,0.341416
0.263158,0.341571
0.263450,0.341732
0.263743,0.341887
0.264035,0.342048
0.264327,0.342209
0.264620,0.342370
0.264912,0.342518
0.265205,0.342680
0.265497,0.342841
0.265789,0.342995
0.266082,0.343150
0.266374,0.343311
0.266667,0.343472
0.266959,0.343620
0.267251,0.343781
0.267544,0.343943
0.267836,0.344091
0.268129,0.344245
0.268421,0.344406
0.268713,0.344568
0.269006,0.344715
0.269298,0.344863
0.269591,0.345025
0.269883,0.345179
0.270175,0.345327
0.270468,0.345488
0.270760,0.345643
0.271053,0.345790
0.271345,0.345945
0.271637,0.346106
0.271930,0.346261
0.272222,0.346409
0.272515,0.346563
0.272807,0.346724
0.273099,0.346872
0.273392,0.347020
0.273684,0.347181
0.273977,0.347329
0.274269,0.347477
0.274561,0.347625
0.274854,0.347786
0.275146,0.347941
0.275439,0.348088
0.275731,0.348243
0.276023,0.348391
0.276316,0.348539
0.276608,0.348686
0.276901,0.348848
0.277193,0.348995
0.277485,0.349143
0.277778,0.349291
0.278070,0.349446
0.278363,0.349593
0.278655,0.349741
0.278947,0.349889
0.279240,0.350037
0.279532,0.350185
0.279825,0.350333
0.280117,0.350474
0.280409,0.350622
0.280702,0.350769
0.280994,0.350917
0.281287,0.351078
0.281579,0.351226
0.281871,0.351374
0.282164,0.351522
0.282456,0.351663
0.282749,0.351811
0.283041,0.351959
0.283333,0.352100
0.283626,0.352248
0.283918,0.352395
0.284211,0.352543
0.284503,0.352684
0.284795,0.352832
0.285088,0.352980
0.285380,0.353128
0.285673,0.353262
0.285965,0.353410
0.286257,0.353558
0.286550,0.353706
0.286842,0.353840
0.287135,0.353988
0.287427,0.354136
0.287719,0.354277
0.288012,0.354418
0.288304,0.354566
0.288596,0.354713
0.288889,0.354848
0.289181,0.354996
0.289474,0.355143
0.289766,0.355291
0.290058,0.355426
0.290351,0.355560
0.290643,0.355708
0.290936,0.355856
0.291228,0.355990
0.291520,0.356131
0.291813,0.356279
0.292105,0.356427
0.292398,0.356561
0.292690,0.356696
0.292982,0.356843
0.293275,0.356978
0.293567,0.357112
0.293860,0.357247
0.294152,0.357394
0.294444,0.357535
0.294737,0.357670
0.295029,0.357811
0.295322,0.357959
0.295614,0.358093
0.295906,0.358228
0.296199,0.358369
0.296491,0.358516
0.296784,0.358651
0.297076,0.358785
0.297368,0.358920
0.297661,0.359061
0.297953,0.359195
0.298246,0.359329
0.298538,0.359464
0.298830,0.359612
0.299123,0.359746
0.299415,0.359880
0.299708,0.360015
0.300000,0.360156
0.300292,0.360290
0.300585,0.360425
0.300877,0.360559
0.301170,0.360680
0.301462,0.360814
0.301754,0.360949
0.302047,0.361083
0.302339,0.361224
0.302632,0.361359
0.302924,0.361493
0.303216,0.361627
0.303509,0.361755
0.303801,0.361889
0.304094,0.362024
0.304386,0.362158
0.304678,0.362293
0.304971,0.362427
0.305263,0.362561
0.305556,0.362696
0.305848,0.362830
0.306140,0.362958
0.306433,0.363092
0.306725,0.363227
0.307018,0.363354
0.307310,0.363489
0.307602,0.363623
0.307895,0.363757
0.308187,0.363885
0.308480,0.364006
0.308772,0.364140
0.309064,0.364275
0.309357,0.364409
0.309649,0.364537
0.309942,0.364664
0.310234,0.364799
0.310526,0.364940
0.310819,0.365068
0.311111,0.365202
0.311404,0.365336
0.311696,0.365471
0.311988,0.365592
0.312281,0.365713
0.312573,0.365847
0.312865,0.365981
0.313158,0.366116
0.313450,0.366237
0.313743,0.366371
0.314035,0.366505
0.314327,0.366633
0.314620,0.366754
0.314912,0.366882
0.315205,0.367016
0.315497,0.367150
0.315789,0.367271
0.316082,0.367392
0.316374,0.367527
0.316667,0.367661
0.316959,0.367782
0.317251,0.367903
0.317544,0.368031
0.317836,0.368165
0.318129,0.368293
0.318421,0.368414
0.318713,0.368535
0.319006,0.368662
0.319298,0.368776
0.319591,0.368897
0.319883,0.369018
0.320175,0.369146
0.320468,0.369280
0.320760,0.369401
0.321053,0.369522
0.321345,0.369650
0.321637,0.369784
0.321930,0.369912
0.322222,0.370033
0.322515,0.370147
0.322807,0.370268
0.323099,0.370389
0.323392,0.370510
0.323684,0.370631
0.323977,0.370752
0.324269,0.370886
0.324561,0.371007
0.324854,0.371128
0.325146,0.371249
0.325439,0.371370
0.325731,0.371491
0.326023,0.371612
0.326316,0.371733
0.326608,0.371854
0.326901,0.371975
0.327193,0.372096
0.327485,0.372217
0.327778,0.372344
0.328070,0.372472
0.328363,0.372593
0.328655,0.372714
0.328947,0.372841
0.329240,0.372969
0.329532,0.373090
0.329825,0.373211
0.330117,0.373332
0.330409,0.373453
0.330702,0.373574
0.330994,0.373688
0.331287,0.373816
0.331579,0.373937
0.331871,0.374058
0.332164,0.374172
0.332456,0.374286
0.332749,0.374400
0.333041,0.374515
0.333333,0.374622
0.333626,0.374736
0.333918,0.374857
0.334211,0.374978
0.334503,0.375099
0.334795,0.375213
0.335088,0.375328
0.335380,0.375448
0.335673,0.375569
0.335965,0.375690
0.336257,0.375798
0.336550,0.375912
0.336842,0.376033
0.337135,0.376154
0.337427,0.376275
0.337719,0.376382
0.338012,0.376490
0.338304,0.376611
0.338596,0.376732
0.338889,0.376846
0.339181,0.376954
0.339474,0.377068
0.339766,0.377182
0.340058,0.377296
0.340351,0.377404
0.340643,0.377511
0.340936,0.377619
0.341228,0.377733
0.341520,0.377847
0.341813,0.377955
0.342105,0.378062
0.342398,0.378176
0.342690,0.378297
0.342982,0.378418
0.343275,0.378526
0.343567,0.378633
0.343860,0.378754
0.344152,0.378875
0.344444,0.378989
0.344737,0.379104
0.345029,0.379218
0.345322,0.379346
0.345614,0.379460
0.345906,0.379567
0.346199,0.379675
0.346491,0.379782
0.346784,0.379897
0.347076,0.380011
0.347368,0.380118
0.347661,0.380226
0.347953,0.380333
0.348246,0.380447
0.348538,0.380562
0.348830,0.380669
0.349123,0.380777
0.349415,0.380884
0.349708,0.380998
0.350000,0.381113
0.350292,0.381213
0.350585,0.381321
0.350877,0.381428
0.351170,0.381543
0.351462,0.381657
0.351754,0.381764
0.352047,0.381872
0.352339,0.381986
0.352632,0.382100
0.352924,0.382215
0.353216,0.382322
0.353509,0.382430
0.353801,0.382537
0.354094,0.382645
0.354386,0.382759
0.354678,0.382866
0.354971,0.382974
0.355263,0.383081
0.355556,0.383189
0.355848,0.383290
0.356140,0.383390
0.356433,0.383491
0.356725,0.383592
0.357018,0.383700
0.357310,0.383800
0.357602,0.383908
0.357895,0.384015
0.358187,0.384123
0.358480,0.384230
0.358772,0.384338
0.359064,0.384445
0.359357,0.384553
0.359649,0.384660
0.359942,0.384768
0.360234,0.384869
0.360526,0.384969
0.360819,0.385077
0.361111,0.385184
0.361404,0.385292
0.361696,0.385393
0.361988,0.385500
0.362281,0.385614
0.362573,0.385722
0.362865,0.385829
0.363158,0.385930
0.363450,0.386031
0.363743,0.386132
0.364035,0.386239
0.364327,0.386340
0.364620,0.386441
0.364912,0.386535
0.365205,0.386636
0.365497,0.386743
0.365789,0.386851
0.366082,0.386958
0.366374,0.387052
0.366667,0.387153
0.366959,0.387261
0.367251,0.387368
0.367544,0.387476
0.367836,0.387576
0.368129,0.387677
0.368421,0.387785
0.368713,0.387899
0.369006,0.388006
0.369298,0.388107
0.369591,0.388201
0.369883,0.388295
0.370175,0.388396
0.370468,0.388504
0.370760,0.388604
0.371053,0.388705
0.371345,0.388806
0.371637,0.388907
0.371930,0.389014
0.372222,0.389122
0.372515,0.389223
0.372807,0.389317
0.373099,0.389411
0.373392,0.389518
0.373684,0.389626
0.373977,0.389727
0.374269,0.389821
0.374561,0.389915
0.374854,0.390015
0.375146,0.390116
0.375439,0.390210
0.375731,0.390311
0.376023,0.390405
0.376316,0.390499
0.376608,0.390600
0.376901,0.390708
0.377193,0.390808
0.377485,0.390902
0.377778,0.390996
0.378070,0.391091
0.378363,0.391191
0.378655,0.391292
0.378947,0.391386
0.379240,0.391480
0.379532,0.391574
0.379825,0.391668
0.380117,0.391769
0.380409,0.391870
0.380702,0.391964
0.380994,0.392058
0.381287,0.392152
0.381579,0.392246
0.381871,0.392347
0.382164,0.392448
0.382456,0.392542
0.382749,0.392636
0.383041,0.392723
0.383333,0.392817
0.383626,0.392918
0.383918,0.393012
0.384211,0.393106
0.384503,0.393200
0.384795,0.393294
0.385088,0.393395
0.385380,0.393482
0.385673,0.393577
0.385965,0.393671
0.386257,0.393765
0.386550,0.393859
0.386842,0.393953
0.387135,0.394047
0.387427,0.394148
0.387719,0.394242
0.388012,0.394336
0.388304,0.394430
0.388596,0.394524
0.388889,0.394618
0.389181,0.394712
0.389474,0.394806
0.389766,0.394900
0.390058,0.394994
0.390351,0.395088
0.390643,0.395182
0.390936,0.395276
0.391228,0.395371
0.391520,0.395465
0.391813,0.395559
0.392105,0.395653
0.392398,0.395740
0.392690,0.395834
0.392982,0.395928
0.393275,0.396022
0.393567,0.396116
0.393860,0.396210
0.394152,0.396298
0.394444,0.396392
0.394737,0.396486
0.395029,0.396580
0.395322,0.396667
0.395614,0.396748
0.395906,0.396835
0.396199,0.396929
0.396491,0.397023
0.396784,0.397118
0.397076,0.397205
0.397368,0.397292
0.397661,0.397380
0.397953,0.397474
0.398246,0.397568
0.398538,0.397668
0.398830,0.397763
0.399123,0.397857
0.399415,0.397944
0.399708,0.398031
0.400000,0.398125
0.400292,0.398219
0.400585,0.398307
0.400877,0.398387
0.401170,0.398468
0.401462,0.398555
0.401754,0.398649
0.402047,0.398744
0.402339,0.398831
0.402632,0.398912
0.402924,0.398992
0.403216,0.399079
0.403509,0.399167
0.403801,0.399261
0.404094,0.399348
0.404386,0.399436
0.404678,0.399516
0.404971,0.399604
0.405263,0.399691
0.405556,0.399785
0.405848,0.399872
0.406140,0.399960
0.406433,0.400040
0.406725,0.400121
0.407018,0.400208
0.407310,0.400296
0.407602,0.400390
0.407895,0.400477
0.408187,0.400558
0.408480,0.400638
0.408772,0.400726
0.409064,0.400813
0.409357,0.400907
0.409649,0.400994
0.409942,0.401075
0.410234,0.401156
0.410526,0.401230
0.410819,0.401310
0.411111,0.401391
0.411404,0.401478
0.411696,0.401566
0.411988,0.401646
0.412281,0.401727
0.412573,0.401807
0.412865,0.401895
0.413158,0.401989
0.413450,0.402076
0.413743,0.402157
0.414035,0.402237
0.414327,0.402318
0.414620,0.402405
0.414912,0.402493
0.415205,0.402580
0.415497,0.402667
0.415789,0.402748
0.416082,0.402829
0.416374,0.402909
0.416667,0.402997
0.416959,0.403077
0.417251,0.403165
0.417544,0.403245
0.417836,0.403326
0.418129,0.403407
0.418421,0.403487
0.418713,0.403575
0.419006,0.403655
0.419298,0.403736
0.419591,0.403816
0.419883,0.403897
0.420175,0.403978
0.420468,0.404058
0.420760,0.404139
0.421053,0.404220
0.421345,0.404293
0.421637,0.404374
0.421930,0.404455
0.422222,0.404535
0.422515,0.404623
0.422807,0.404703
0.423099,0.404791
0.423392,0.404871
0.423684,0.404952
0.423977,0.405033
0.424269,0.405113
0.424561,0.405194
0.424854,0.405274
0.425146,0.405348
0.425439,0.405429
0.425731,0.405510
0.426023,0.405590
0.426316,0.405671
0.426608,0.405745
0.426901,0.405825
0.427193,0.405899
0.427485,0.405980
0.427778,0.406061
0.428070,0.406141
0.428363,0.406222
0.428655,0.406296
0.428947,0.406376
0.429240,0.406450
0.429532,0.406531
0.429825,0.406612
0.430117,0.406692
0.430409,0.406773
0.430702,0.406847
0.430994,0.406927
0.431287,0.407008
0.431579,0.407089
0.431871,0.407169
0.432164,0.407250
0.432456,0.407331
0.432749,0.407404
0.433041,0.407478
0.433333,0.407559
0.433626,0.407633
0.433918,0.407713
0.434211,0.407794
0.434503,0.407868
0.434795,0.407942
0.435088,0.408009
0.435380,0.408083
0.435673,0.408157
0.435965,0.408231
0.436257,0.408305
0.436550,0.408385
0.436842,0.408459
0.437135,0.408533
0.437427,0.408607
0.437719,0.408681
0.438012,0.408762
0.438304,0.408842
0.438596,0.408923
0.438889,0.408997
0.439181,0.409071
0.439474,0.409138
0.439766,0.409212
0.440058,0.409286
0.440351,0.409366
0.440643,0.409447
0.440936,0.409521
0.441228,0.409595
0.441520,0.409662
0.441813,0.409736
0.442105,0.409810
0.442398,0.409884
0.442690,0.409964
0.442982,0.410038
0.443275,0.410112
0.443567,0.410179
0.443860,0.410247
0.444152,0.410320
0.444444,0.410394
0.444737,0.410475
0.445029,0.410556
0.445322,0.410630
0.445614,0.410703
0.445906,0.410771
0.446199,0.410845
0.446491,0.410918
0.446784,0.410992
0.447076,0.411073
0.447368,0.411147
0.447661,0.411221
0.447953,0.411295
0.448246,0.411369
0.448538,0.411443
0.448830,0.411516
0.449123,0.411590
0.449415,0.411664
0.449708,0.411738
0.450000,0.411805
0.450292,0.411873
0.450585,0.411947
0.450877,0.412020
0.451170,0.412094
0.451462,0.412175
0.451754,0.412249
0.452047,0.412323
0.452339,0.412390
0.452632,0.412457
0.452924,0.412524
0.453216,0.412598
0.453509,0.412672
0.453801,0.412746
0.454094,0.412820
0.454386,0.412894
0.454678,0.412961
0.454971,0.413028
0.455263,0.413102
0.455556,0.413176
0.455848,0.413250
0.456140,0.413324
0.456433,0.413398
0.456725,0.413465
0.457018,0.413532
0.457310,0.413599
0.457602,0.413667
0.457895,0.413741
0.458187,0.413808
0.458480,0.413875
0.458772,0.413949
0.459064,0.414016
0.459357,0.414083
0.459649,0.414150
0.459942,0.414224
0.460234,0.414298
0.460526,0.414365
0.460819,0.414439
0.461111,0.414513
0.461404,0.414580
0.461696,0.414648
0.461988,0.414715
0.462281,0.414782
0.462573,0.414849
0.462865,0.414916
0.463158,0.414984
0.463450,0.415051
0.463743,0.415118
0.464035,0.415185
0.464327,0.415252
0.464620,0.415319
0.464912,0.415393
0.465205,0.415461
0.465497,0.415528
0.465789,0.415595
0.466082,0.415662
0.466374,0.415729
0.466667,0.415797
0.466959,0.415864
0.467251,0.415931
0.467544,0.415998
0.467836,0.416065
0.468129,0.416126
0.468421,0.416193
0.468713,0.416260
0.469006,0.416327
0.469298,0.416395
0.469591,0.416462
0.469883,0.416529
0.470175,0.416596
0.470468,0.416663
0.470760,0.416730
0.471053,0.416798
0.471345,0.416865
0.471637,0.416932
0.471930,0.416993
0.472222,0.417053
0.472515,0.417120
0.472807,0.417181
0.473099,0.417241
0.473392,0.417302
0.473684,0.417362
0.473977,0.417429
0.474269,0.417496
0.474561,0.417557
0.474854,0.417624
0.475146,0.417691
0.475439,0.417752
0.475731,0.417819
0.476023,0.417886
0.476316,0.417953
0.476608,0.418021
0.476901,0.418081
0.477193,0.418142
0.477485,0.418209
0.477778,0.418269
0.478070,0.418330
0.478363,0.418390
0.478655,0.418457
0.478947,0.418524
0.479240,0.418585
0.479532,0.418645
0.479825,0.418706
0.480117,0.418773
0.480409,0.418834
0.480702,0.418894
0.480994,0.418961
0.481287,0.419028
0.481579,0.419096
0.481871,0.419156
0.482164,0.419217
0.482456,0.419277
0.482749,0.419337
0.483041,0.419398
0.483333,0.419458
0.483626,0.419519
0.483918,0.419586
0.484211,0.419653
0.484503,0.419714
0.484795,0.419774
0.485088,0.419835
0.485380,0.419902
0.485673,0.419969
0.485965,0.420030
0.486257,0.420090
0.486550,0.420157
0.486842,0.420218
0.487135,0.420278
0.487427,0.420339
0.487719,0.420392
0.488012,0.420453
0.488304,0.420513
0.488596,0.420574
0.488889,0.420641
0.489181,0.420708
0.489474,0.420769
0.489766,0.420829
0.490058,0.420890
0.490351,0.420950
0.490643,0.421011
0.490936,0.421071
0.491228,0.421131
0.491520,0.421192
0.491813,0.421259
0.492105,0.421320
0.492398,0.421380
0.492690,0.421441
0.492982,0.421494
0.493275,0.421548
0.493567,0.421609
0.493860,0.421669
0.494152,0.421729
0.494444,0.421797
0.494737,0.421857
0.495029,0.421918
0.495322,0.421978
0.495614,0.422039
0.495906,0.422092
0.496199,0.422153
0.496491,0.422213
0.496784,0.422274
0.497076,0.422334
0.497368,0.422395
0.497661,0.422455
0.497953,0.422516
0.498246,0.422576
0.498538,0.422630
0.498830,0.422684
0.499123,0.422737
0.499415,0.422791
0.499708,0.422845
0.500000,0.422892
0.500292,0.422939
0.500585,0.422986
0.500877,0.423033
0.501170,0.423080
0.501462,0.423134
0.501754,0.423188
0.502047,0.423241
0.502339,0.423295
0.502632,0.423342
0.502924,0.423389
0.503216,0.423436
0.503509,0.423483
0.503801,0.423523
0.504094,0.423571
0.504386,0.423618
0.504678,0.423671
0.504971,0.423725
0.505263,0.423779
0.505556,0.423826
0.505848,0.423873
0.506140,0.423920
0.506433,0.423960
0.506725,0.424001
0.507018,0.424048
0.507310,0.424095
0.507602,0.424148
0.507895,0.424202
0.508187,0.424249
0.508480,0.424296
0.508772,0.424343
0.509064,0.424390
0.509357,0.424431
0.509649,0.424471
0.509942,0.424511
0.510234,0.424558
0.510526,0.424605
0.510819,0.424659
0.511111,0.424713
0.511404,0.424767
0.511696,0.424820
0.511988,0.424874
0.512281,0.424928
0.512573,0.424982
0.512865,0.425029
0.513158,0.425082
0.513450,0.425129
0.513743,0.425183
0.514035,0.425237
0.514327,0.425291
0.514620,0.425344
0.514912,0.425398
0.515205,0.425452
0.515497,0.425506
0.515789,0.425559
0.516082,0.425606
0.516374,0.425660
0.516667,0.425707
0.516959,0.425761
0.517251,0.425815
0.517544,0.425868
0.517836,0.425922
0.518129,0.425976
0.518421,0.426030
0.518713,0.426083
0.519006,0.426130
0.519298,0.426178
0.519591,0.426225
0.519883,0.426272
0.520175,0.426325
0.520468,0.426379
0.520760,0.426433
0.521053,0.426487
0.521345,0.426540
0.521637,0.426594
0.521930,0.426648
0.522222,0.426695
0.522515,0.426749
0.522807,0.426796
0.523099,0.426849
0.523392,0.426903
0.523684,0.426957
0.523977,0.427011
0.524269,0.427064
0.524561,0.427118
0.524854,0.427172
0.525146,0.427219
0.525439,0.427266
0.525731,0.427313
0.526023,0.427360
0.526316,0.427414
0.526608,0.427468
0.526901,0.427521
0.527193,0.427575
0.527485,0.427629
0.527778,0.427683
0.528070,0.427736
0.528363,0.427783
0.528655,0.427837
0.528947,0.427884
0.529240,0.427938
0.529532,0.427992
0.529825,0.428045
0.530117,0.428099
0.530409,0.428153
0.530702,0.428207
0.530994,0.428260
0.531287,0.428314
0.531579,0.428361
0.531871,0.428415
0.532164,0.428462
0.532456,0.428516
0.532749,0.428570
0.533041,0.428623
0.533333,0.428677
0.533626,0.428731
0.533918,0.428785
0.534211,0.428838
0.534503,0.428885
0.534795,0.428939
0.535088,0.428986
0.535380,0.429040
0.535673,0.429094
0.535965,0.429147
0.536257,0.429201
0.536550,0.429255
0.536842,0.429309
0.537135,0.429362
0.537427,0.429416
0.537719,0.429463
0.538012,0.429517
0.538304,0.429564
0.538596,0.429618
0.538889,0.429671
0.539181,0.429725
0.539474,0.429779
0.539766,0.429833
0.540058,0.429886
0.540351,0.429940
0.540643,0.429987
0.540936,0.430034
0.541228,0.430081
0.541520,0.430128
0.541813,0.430182
0.542105,0.430236
0.542398,0.430290
0.542690,0.430343
0.542982,0.430397
0.543275,0.430451
0.543567,0.430505
0.543860,0.430552
0.544152,0.430605
0.544444,0.430652
0.544737,0.430706
0.545029,0.430760
0.545322,0.430814
0.545614,0.430867
0.545906,0.430921
0.546199,0.430975
0.546491,0.431029
0.546784,0.431076
0.547076,0.431123
0.547368,0.431170
0.547661,0.431217
0.547953,0.431271
0.548246,0.431324
0.548538,0.431378
0.548830,0.431432
0.549123,0.431486
0.549415,0.431539
0.549708,0.431593
0.550000,0.431640
0.550292,0.431694
0.550585,0.431741
0.550877,0.431795
0.551170,0.431848
0.551462,0.431902
0.551754,0.431956
0.552047,0.432010
0.552339,0.432063
0.552632,0.432117
0.552924,0.432171
0.553216,0.432218
0.553509,0.432272
0.553801,0.432319
0.554094,0.432373
0.554386,0.432426
0.554678,0.432480
0.554971,0.432534
0.555263,0.432588
0.555556,0.432641
0.555848,0.432695
0.556140,0.432742
0.556433,0.432796
0.556725,0.432843
0.557018,0.432897
0.557310,0.432950
0.557602,0.433004
0.557895,0.433058
0.558187,0.433112
0.558480,0.433165
0.558772,0.433219
0.559064,0.433273
0.559357,0.433320
0.559649,0.433374
0.559942,0.433421
0.560234,0.433474
0.560526,0.433528
0.560819,0.433582
0.561111,0.433636
0.561404,0.433689
0.561696,0.433743
0.561988,0.433797
0.562281,0.433844
0.562573,0.433891
0.562865,0.433931
0.563158,0.433972
0.563450,0.434012
0.563743,0.434052
0.564035,0.434099
0.564327,0.434153
0.564620,0.434207
0.564912,0.434261
0.565205,0.434314
0.565497,0.434361
0.565789,0.434408
0.566082,0.434449
0.566374,0.434489
0.566667,0.434529
0.566959,0.434570
0.567251,0.434610
0.567544,0.434650
0.567836,0.434697
0.568129,0.434751
0.568421,0.434798
0.568713,0.434845
0.569006,0.434885
0.569298,0.434926
0.569591,0.434966
0.569883,0.435006
0.570175,0.435047
0.570468,0.435087
0.570760,0.435127
0.571053,0.435168
0.571345,0.435208
0.571637,0.435242
0.571930,0.435282
0.572222,0.435322
0.572515,0.435362
0.572807,0.435403
0.573099,0.435443
0.573392,0.435483
0.573684,0.435524
0.573977,0.435564
0.574269,0.435604
0.574561,0.435645
0.574854,0.435685
0.575146,0.435725
0.575439,0.435766
0.575731,0.435813
0.576023,0.435860
0.576316,0.435900
0.576608,0.435940
0.576901,0.435981
0.577193,0.436021
0.577485,0.436061
0.577778,0.436102
0.578070,0.436142
0.578363,0.436182
0.578655,0.436223
0.578947,0.436263
0.579240,0.436303
0.579532,0.436343
0.579825,0.436384
0.580117,0.436424
0.580409,0.436464
0.580702,0.436505
0.580994,0.436545
0.581287,0.436585
0.581579,0.436626
0.581871,0.436666
0.582164,0.436706
0.582456,0.436747
0.582749,0.436787
0.583041,0.436827
0.583333,0.436868
0.583626,0.436908
0.583918,0.436948
0.584211,0.436989
0.584503,0.437029
0.584795,0.437069
0.585088,0.437109
0.585380,0.437150
0.585673,0.437190
0.585965,0.437230
0.586257,0.437271
0.586550,0.437311
0.586842,0.437351
0.587135,0.437392
0.587427,0.437432
0.587719,0.437472
0.588012,0.437513
0.588304,0.437553
0.588596,0.437593
0.588889,0.437634
0.589181,0.437674
0.589474,0.437714
0.589766,0.437754
0.590058,0.437795
0.590351,0.437835
0.590643,0.437875
0.590936,0.437916
0.591228,0.437956
0.591520,0.437996
0.591813,0.438037
0.592105,0.438077
0.592398,0.438117
0.592690,0.438158
0.592982,0.438198
0.593275,0.438238
0.593567,0.438279
0.593860,0.438319
0.594152,0.438359
0.594444,0.438400
0.594737,0.438440
0.595029,0.438480
0.595322,0.438520
0.595614,0.438567
0.595906,0.438615
0.596199,0.438655
0.596491,0.438695
0.596784,0.438735
0.597076,0.438776
0.597368,0.438816
0.597661,0.438856
0.597953,0.438897
0.598246,0.438937
0.598538,0.438977
0.598830,0.439018
0.599123,0.439058
0.599415,0.439098
0.599708,0.439139
0.600000,0.439179
0.600292,0.439219
0.600585,0.439260
0.600877,0.439300
0.601170,0.439340
0.601462,0.439381
0.601754,0.439421
0.602047,0.439461
0.602339,0.439501
0.602632,0.439542
0.602924,0.439582
0.603216,0.439622
0.603509,0.439663
0.603801,0.439703
0.604094,0.439743
0.604386,0.439784
0.604678,0.439824
0.604971,0.439864
0.605263,0.439905
0.605556,0.439945
0.605848,0.439985
0.606140,0.440026
0.606433,0.440066
0.606725,0.440106
0.607018,0.440146
0.607310,0.440187
0.607602,0.440227
0.607895,0.440267
0.608187,0.440308
0.608480,0.440348
0.608772,0.440388
0.609064,0.440429
0.609357,0.440469
0.609649,0.440509
0.609942,0.440550
0.610234,0.440590
0.610526,0.440630
0.610819,0.440671
0.611111,0.440711
0.611404,0.440751
0.611696,0.440792
0.611988,0.440832
0.612281,0.440872
0.612573,0.440912
0.612865,0.440953
0.613158,0.440993
0.613450,0.441033
0.613743,0.441074
0.614035,0.441114
0.614327,0.441154
0.614620,0.441195
0.614912,0.441235
0.615205,0.441289
0.615497,0.441342
0.615789,0.441396
0.616082,0.441443
0.616374,0.441490
0.616667,0.441537
0.616959,0.441584
0.617251,0.441631
0.617544,0.441678
0.617836,0.441725
0.618129,0.441772
0.618421,0.441820
0.618713,0.441867
0.619006,0.441914
0.619298,0.441961
0.619591,0.442001
0.619883,0.442041
0.620175,0.442082
0.620468,0.442122
0.620760,0.442162
0.621053,0.442209
0.621345,0.442263
0.621637,0.442317
0.621930,0.442370
0.622222,0.442424
0.622515,0.442478
0.622807,0.442532
0.623099,0.442586
0.623392,0.442639
0.623684,0.442686
0.623977,0.442727
0.624269,0.442767
0.624561,0.442807
0.624854,0.442848
0.625146,0.442888
0.625439,0.442928
0.625731,0.442968
0.626023,0.443009
0.626316,0.443049
0.626608,0.443096
0.626901,0.443150
0.627193,0.443190
0.627485,0.443231
0.627778,0.443264
0.628070,0.443298
0.628363,0.443331
0.628655,0.443365
0.628947,0.443399
0.629240,0.443432
0.629532,0.443466
0.629825,0.443499
0.630117,0.443533
0.630409,0.443566
0.630702,0.443600
0.630994,0.443634
0.631287,0.443667
0.631579,0.443701
0.631871,0.443728
0.632164,0.443755
0.632456,0.443788
0.632749,0.443829
0.633041,0.443862
0.633333,0.443889
0.633626,0.443916
0.633918,0.443943
0.634211,0.443970
0.634503,0.443997
0.634795,0.444023
0.635088,0.444050
0.635380,0.444077
0.635673,0.444104
0.635965,0.444131
0.636257,0.444158
0.636550,0.444185
0.636842,0.444212
0.637135,0.444238
0.637427,0.444265
0.637719,0.444292
0.638012,0.444319
0.638304,0.444353
0.638596,0.444386
0.638889,0.444413
0.639181,0.444440
0.639474,0.444467
0.639766,0.444494
0.640058,0.444521
0.640351,0.444547
0.640643,0.444574
0.640936,0.444601
0.641228,0.444628
0.641520,0.444655
0.641813,0.444682
0.642105,0.444709
0.642398,0.444736
0.642690,0.444762
0.642982,0.444789
0.643275,0.444816
0.643567,0.444843
0.643860,0.444870
0.644152,0.444910
0.644444,0.444944
0.644737,0.444971
0.645029,0.444998
0.645322,0.445025
0.645614,0.445051
0.645906,0.445078
0.646199,0.445105
0.646491,0.445132
0.646784,0.445159
0.647076,0.445186
0.647368,0.445213
0.647661,0.445240
0.647953,0.445266
0.648246,0.445293
0.648538,0.445320
0.648830,0.445347
0.649123,0.445374
0.649415,0.445401
0.649708,0.445434
0.650000,0.445475
0.650292,0.445508
0.650585,0.445535
0.650877,0.445562
0.651170,0.445589
0.651462,0.445616
0.651754,0.445643
0.652047,0.445670
0.652339,0.445696
0.652632,0.445723
0.652924,0.445750
0.653216,0.445777
0.653509,0.445804
0.653801,0.445831
0.654094,0.445858
0.654386,0.445885
0.654678,0.445911
0.654971,0.445938
0.655263,0.445965
0.655556,0.445999
0.655848,0.446039
0.656140,0.446066
0.656433,0.446093
0.656725,0.446120
0.657018,0.446147
0.657310,0.446173
0.657602,0.446200
0.657895,0.446227
0.658187,0.446254
0.658480,0.446281
0.658772,0.446308
0.659064,0.446335
0.659357,0.446362
0.659649,0.446388
0.659942,0.446415
0.660234,0.446442
0.660526,0.446469
0.660819,0.446496
0.661111,0.446523
0.661404,0.446556
0.661696,0.446590
0.661988,0.446617
0.662281,0.446644
0.662573,0.446671
0.662865,0.446698
0.663158,0.446724
0.663450,0.446751
0.663743,0.446778
0.664035,0.446805
0.664327,0.446832
0.664620,0.446859
0.664912,0.446886
0.665205,0.446913
0.665497,0.446939
0.665789,0.446966
0.666082,0.446993
0.666374,0.447020
0.666667,0.447047
0.666959,0.447081
0.667251,0.447121
0.667544,0.447154
0.667836,0.447181
0.668129,0.447208
0.668421,0.447235
0.668713,0.447262
0.669006,0.447289
0.669298,0.447316
0.669591,0.447343
0.669883,0.447369
0.670175,0.447396
0.670468,0.447423
0.670760,0.447450
0.671053,0.447477
0.671345,0.447504
0.671637,0.447531
0.671930,0.447558
0.672222,0.447584
0.672515,0.447611
0.672807,0.447645
0.673099,0.447685
0.673392,0.447719
0.673684,0.447746
0.673977,0.447773
0.674269,0.447800
0.674561,0.447826
0.674854,0.447853
0.675146,0.447880
0.675439,0.447907
0.675731,0.447934
0.676023,0.447961
0.676316,0.447988
0.676608,0.448015
0.676901,0.448041
0.677193,0.448068
0.677485,0.448095
0.677778,0.448122
0.678070,0.448149
0.678363,0.448176
0.678655,0.448209
0.678947,0.448243
0.679240,0.448270
0.679532,0.448297
0.679825,0.448324
0.680117,0.448350
0.680409,0.448377
0.680702,0.448404
0.680994,0.448431
0.681287,0.448458
0.681579,0.448485
0.681871,0.448512
0.682164,0.448539
0.682456,0.448565
0.682749,0.448592
0.683041,0.448619
0.683333,0.448646
0.683626,0.448673
0.683918,0.448700
0.684211,0.448733
0.684503,0.448774
0.684795,0.448807
0.685088,0.448834
0.685380,0.448861
0.685673,0.448888
0.685965,0.448915
0.686257,0.448942
0.686550,0.448969
0.686842,0.448995
0.687135,0.449022
0.687427,0.449049
0.687719,0.449076
0.688012,0.449103
0.688304,0.449130
0.688596,0.449157
0.688889,0.449184
0.689181,0.449211
0.689474,0.449237
0.689766,0.449264
0.690058,0.449298
0.690351,0.449338
0.690643,0.449372
0.690936,0.449399
0.691228,0.449426
0.691520,0.449452
0.691813,0.449479
0.692105,0.449506
0.692398,0.449533
0.692690,0.449560
0.692982,0.449587
0.693275,0.449614
0.693567,0.449641
0.693860,0.449667
0.694152,0.449694
0.694444,0.449721
0.694737,0.449748
0.695029,0.449775
0.695322,0.449802
0.695614,0.449829
0.695906,0.449862
0.696199,0.449896
0.696491,0.449923
0.696784,0.449950
0.697076,0.449976
0.697368,0.450003
0.697661,0.450030
0.697953,0.450057
0.698246,0.450084
0.698538,0.450111
0.698830,0.450138
0.699123,0.450165
0.699415,0.450191
0.699708,0.450218
0.700000,0.450245
0.700292,0.450272
0.700585,0.450299
0.700877,0.450326
0.701170,0.450353
0.701462,0.450380
0.701754,0.450420
0.702047,0.450454
0.702339,0.450480
0.702632,0.450507
0.702924,0.450534
0.703216,0.450561
0.703509,0.450588
0.703801,0.450615
0.704094,0.450642
0.704386,0.450669
0.704678,0.450695
0.704971,0.450722
0.705263,0.450749
0.705556,0.450776
0.705848,0.450803
0.706140,0.450830
0.706433,0.450857
0.706725,0.450884
0.707018,0.450910
0.707310,0.450944
0.707602,0.450984
0.707895,0.451018
0.708187,0.451045
0.708480,0.451072
0.708772,0.451099
0.709064,0.451125
0.709357,0.451152
0.709649,0.451179
0.709942,0.451206
0.710234,0.451233
0.710526,0.451260
0.710819,0.451287
0.711111,0.451314
0.711404,0.451340
0.711696,0.451367
0.711988,0.451394
0.712281,0.451421
0.712573,0.451448
0.712865,0.451475
0.713158,0.451508
0.713450,0.451549
0.713743,0.451576
0.714035,0.451602
0.714327,0.451629
0.714620,0.451656
0.714912,0.451683
0.715205,0.451710
0.715497,0.451737
0.715789,0.451764
0.716082,0.451791
0.716374,0.451818
0.716667,0.451844
0.716959,0.451871
0.717251,0.451898
0.717544,0.451925
0.717836,0.451952
0.718129,0.451979
0.718421,0.452006
0.718713,0.452033
0.719006,0.452066
0.719298,0.452100
0.719591,0.452127
0.719883,0.452153
0.720175,0.452180
0.720468,0.452207
0.720760,0.452234
0.721053,0.452261
0.721345,0.452288
0.721637,0.452315
0.721930,0.452342
0.722222,0.452368
0.722515,0.452395
0.722807,0.452422
0.723099,0.452449
0.723392,0.452476
0.723684,0.452503
0.723977,0.452530
0.724269,0.452557
0.724561,0.452590
0.724854,0.452631
0.725146,0.452664
0.725439,0.452691
0.725731,0.452718
0.726023,0.452745
0.726316,0.452772
0.726608,0.452798
0.726901,0.452825
0.727193,0.452852
0.727485,0.452879
0.727778,0.452906
0.728070,0.452933
0.728363,0.452960
0.728655,0.452987
0.728947,0.453014
0.729240,0.453040
0.729532,0.453067
0.729825,0.453094
0.730117,0.453121
0.730409,0.453155
0.730702,0.453195
0.730994,0.453229
0.731287,0.453255
0.731579,0.453282
0.731871,0.453309
0.732164,0.453336
0.732456,0.453363
0.732749,0.453390
0.733041,0.453417
0.733333,0.453444
0.733626,0.453470
0.733918,0.453497
0.734211,0.453524
0.734503,0.453551
0.734795,0.453578
0.735088,0.453605
0.735380,0.453632
0.735673,0.453659
0.735965,0.453685
0.736257,0.453719
0.736550,0.453753
0.736842,0.453779
0.737135,0.453806
0.737427,0.453833
0.737719,0.453860
0.738012,0.453887
0.738304,0.453914
0.738596,0.453941
0.738889,0.453968
0.739181,0.453994
0.739474,0.454021
0.739766,0.454048
0.740058,0.454075
0.740351,0.454102
0.740643,0.454129
0.740936,0.454156
0.741228,0.454183
0.741520,0.454210
0.741813,0.454243
0.742105,0.454283
0.742398,0.454317
0.742690,0.454344
0.742982,0.454371
0.743275,0.454398
0.743567,0.454425
0.743860,0.454451
0.744152,0.454478
0.744444,0.454505
0.744737,0.454532
0.745029,0.454559
0.745322,0.454586
0.745614,0.454613
0.745906,0.454640
0.746199,0.454666
0.746491,0.454693
0.746784,0.454720
0.747076,0.454747
0.747368,0.454774
0.747661,0.454807
0.747953,0.454848
0.748246,0.454881
0.748538,0.454908
0.748830,0.454935
0.749123,0.454962
0.749415,0.454989
0.749708,0.455016
0.750000,0.455043
0.750292,0.455070
0.750585,0.455096
0.750877,0.455123
0.751170,0.455150
0.751462,0.455177
0.751754,0.455204
0.752047,0.455231
0.752339,0.455258
0.752632,0.455285
0.752924,0.455311
0.753216,0.455338
0.753509,0.455372
0.753801,0.455405
0.754094,0.455432
0.754386,0.455459
0.754678,0.455486
0.754971,0.455513
0.755263,0.455540
0.755556,0.455567
0.755848,0.455594
0.756140,0.455621
0.756433,0.455647
0.756725,0.455674
0.757018,0.455701
0.757310,0.455728
0.757602,0.455755
0.757895,0.455782
0.758187,0.455809
0.758480,0.455836
0.758772,0.455862
0.759064,0.455889
0.759357,0.455930
0.759649,0.455963
0.759942,0.455990
0.760234,0.456017
0.760526,0.456044
0.760819,0.456071
0.761111,0.456098
0.761404,0.456124
0.761696,0.456151
0.761988,0.456178
0.762281,0.456205
0.762573,0.456232
0.762865,0.456259
0.763158,0.456286
0.763450,0.456313
0.763743,0.456339
0.764035,0.456366
0.764327,0.456393
0.764620,0.456420
0.764912,0.456454
0.765205,0.456494
0.765497,0.456528
0.765789,0.456554
0.766082,0.456581
0.766374,0.456608
0.766667,0.456635
0.766959,0.456662
0.767251,0.456689
0.767544,0.456716
0.767836,0.456743
0.768129,0.456769
0.768421,0.456796
0.768713,0.456823
0.769006,0.456850
0.769298,0.456877
0.769591,0.456904
0.769883,0.456931
0.770175,0.456958
0.770468,0.456984
0.770760,0.457018
0.771053,0.457058
0.771345,0.457085
0.771637,0.457112
0.771930,0.457139
0.772222,0.457166
0.772515,0.457193
0.772807,0.457220
0.773099,0.457247
0.773392,0.457273
0.773684,0.457300
0.773977,0.457327
0.774269,0.457354
0.774561,0.457381
0.774854,0.457408
0.775146,0.457435
0.775439,0.457462
0.775731,0.457488
0.776023,0.457515
0.776316,0.457542
0.776608,0.457576
0.776901,0.457609
0.777193,0.457636
0.777485,0.457663
0.777778,0.457690
0.778070,0.457717
0.778363,0.457744
0.778655,0.457771
0.778947,0.457797
0.779240,0.457824
0.779532,0.457851
0.779825,0.457878
0.780117,0.457905
0.780409,0.457932
0.780702,0.457959
0.780994,0.457986
0.781287,0.458012
0.781579,0.458039
0.781871,0.458066
0.782164,0.458100
0.782456,0.458140
0.782749,0.458174
0.783041,0.458201
0.783333,0.458228
0.783626,0.458254
0.783918,0.458281
0.784211,0.458308
0.784503,0.458335
0.784795,0.458362
0.785088,0.458389
0.785380,0.458416
0.785673,0.458443
0.785965,0.458469
0.786257,0.458496
0.786550,0.458523
0.786842,0.458550
0.787135,0.458577
0.787427,0.458604
0.787719,0.458631
0.788012,0.458664
0.788304,0.458705
0.788596,0.458738
0.788889,0.458765
0.789181,0.458792
0.789474,0.458819
0.789766,0.458846
0.790058,0.458873
0.790351,0.458899
0.790643,0.458926
0.790936,0.458953
0.791228,0.458980
0.791520,0.459007
0.791813,0.459034
0.792105,0.459061
0.792398,0.459088
0.792690,0.459114
0.792982,0.459141
0.793275,0.459168
0.793567,0.459195
0.793860,0.459222
0.794152,0.459242
0.794444,0.459256
0.794737,0.459269
0.795029,0.459282
0.795322,0.459296
0.795614,0.459309
0.795906,0.459323
0.796199,0.459336
0.796491,0.459350
0.796784,0.459370
0.797076,0.459397
0.797368,0.459424
0.797661,0.459450
0.797953,0.459477
0.798246,0.459504
0.798538,0.459531
0.798830,0.459558
0.799123,0.459585
0.799415,0.459612
0.799708,0.459639
0.800000,0.459659
0.800292,0.459672
0.800585,0.459686
0.800877,0.459699
0.801170,0.459712
0.801462,0.459726
0.801754,0.459739
0.802047,0.459753
0.802339,0.459766
0.802632,0.459780
0.802924,0.459793
0.803216,0.459806
0.803509,0.459820
0.803801,0.459833
0.804094,0.459847
0.804386,0.459860
0.804678,0.459874
0.804971,0.459887
0.805263,0.459901
0.805556,0.459921
0.805848,0.459948
0.806140,0.459974
0.806433,0.460001
0.806725,0.460028
0.807018,0.460055
0.807310,0.460082
0.807602,0.460109
0.807895,0.460136
0.808187,0.460163
0.808480,0.460189
0.808772,0.460210
0.809064,0.460223
0.809357,0.460237
0.809649,0.460250
0.809942,0.460263
0.810234,0.460277
0.810526,0.460290
0.810819,0.460304
0.811111,0.460317
0.811404,0.460331
0.811696,0.460344
0.811988,0.460357
0.812281,0.460371
0.812573,0.460384
0.812865,0.460398
0.813158,0.460411
0.813450,0.460425
0.813743,0.460438
0.814035,0.460452
0.814327,0.460472
0.814620,0.460499
0.814912,0.460525
0.815205,0.460552
0.815497,0.460579
0.815789,0.460606
0.816082,0.460633
0.816374,0.460660
0.816667,0.460687
0.816959,0.460714
0.817251,0.460740
0.817544,0.460761
0.817836,0.460774
0.818129,0.460787
0.818421,0.460801
0.818713,0.460814
0.819006,0.460828
0.819298,0.460841
0.819591,0.460855
0.819883,0.460868
0.820175,0.460882
0.820468,0.460895
0.820760,0.460908
0.821053,0.460922
0.821345,0.460935
0.821637,0.460949
0.821930,0.460962
0.822222,0.460976
0.822515,0.460989
0.822807,0.461002
0.823099,0.461023
0.823392,0.461050
0.823684,0.461076
0.823977,0.461103
0.824269,0.461130
0.824561,0.461157
0.824854,0.461184
0.825146,0.461211
0.825439,0.461238
0.825731,0.461265
0.826023,0.461291
0.826316,0.461312
0.826608,0.461325
0.826901,0.461338
0.827193,0.461352
0.827485,0.461365
0.827778,0.461379
0.828070,0.461392
0.828363,0.461406
0.828655,0.461419
0.828947,0.461433
0.829240,0.461446
0.829532,0.461459
0.829825,0.461473
0.830117,0.461486
0.830409,0.461500
0.830702,0.461513
0.830994,0.461527
0.831287,0.461540
0.831579,0.461553
0.831871,0.461574
0.832164,0.461600
0.832456,0.461627
0.832749,0.461654
0.833041,0.461681
0.833333,0.461708
0.833626,0.461735
0.833918,0.461762
0.834211,0.461789
0.834503,0.461815
0.834795,0.461842
0.835088,0.461863
0.835380,0.461876
0.835673,0.461889
0.835965,0.461903
0.836257,0.461916
0.836550,0.461930
0.836842,0.461943
0.837135,0.461957
0.837427,0.461970
0.837719,0.461983
0.838012,0.461997
0.838304,0.462010
0.838596,0.462024
0.838889,0.462037
0.839181,0.462051
0.839474,0.462064
0.839766,0.462078
0.840058,0.462091
0.840351,0.462104
0.840643,0.462125
0.840936,0.462151
0.841228,0.462178
0.841520,0.462205
0.841813,0.462232
0.842105,0.462259
0.842398,0.462286
0.842690,0.462313
0.842982,0.462340
0.843275,0.462366
0.843567,0.462393
0.843860,0.462413
0.844152,0.462427
0.844444,0.462440
0.844737,0.462454
0.845029,0.462467
0.845322,0.462481
0.845614,0.462494
0.845906,0.462508
0.846199,0.462521
0.846491,0.462534
0.846784,0.462548
0.847076,0.462561
0.847368,0.462575
0.847661,0.462588
0.847953,0.462602
0.848246,0.462615
0.848538,0.462629
0.848830,0.462642
0.849123,0.462655
0.849415,0.462676
0.849708,0.462702
0.850000,0.462729
0.850292,0.462756
0.850585,0.462783
0.850877,0.462810
0.851170,0.462837
0.851462,0.462864
0.851754,0.462891
0.852047,0.462917
0.852339,0.462944
0.852632,0.462964
0.852924,0.462978
0.853216,0.462991
0.853509,0.463005
0.853801,0.463018
0.854094,0.463032
0.854386,0.463045
0.854678,0.463059
0.854971,0.463072
0.855263,0.463085
0.855556,0.463099
0.855848,0.463112
0.856140,0.463126
0.856433,0.463139
0.856725,0.463153
0.857018,0.463166
0.857310,0.463179
0.857602,0.463193
0.857895,0.463206
0.858187,0.463227
0.858480,0.463253
0.858772,0.463280
0.859064,0.463307
0.859357,0.463334
0.859649,0.463361
0.859942,0.463388
0.860234,0.463415
0.860526,0.463442
0.860819,0.463468
0.861111,0.463495
0.861404,0.463515
0.861696,0.463529
0.861988,0.463542
0.862281,0.463556
0.862573,0.463569
0.862865,0.463583
0.863158,0.463596
0.863450,0.463609
0.863743,0.463623
0.864035,0.463636
0.864327,0.463650
0.864620,0.463663
0.864912,0.463677
0.865205,0.463690
0.865497,0.463704
0.865789,0.463717
0.866082,0.463730
0.866374,0.463744
0.866667,0.463757
0.866959,0.463777
0.867251,0.463804
0.867544,0.463831
0.867836,0.463858
0.868129,0.463885
0.868421,0.463912
0.868713,0.463939
0.869006,0.463966
0.869298,0.463992
0.869591,0.464019
0.869883,0.464046
0.870175,0.464066
0.870468,0.464080
0.870760,0.464093
0.871053,0.464107
0.871345,0.464120
0.871637,0.464134
0.871930,0.464147
0.872222,0.464160
0.872515,0.464174
0.872807,0.464187
0.873099,0.464201
0.873392,0.464214
0.873684,0.464228
0.873977,0.464241
0.874269,0.464255
0.874561,0.464268
0.874854,0.464281
0.875146,0.464295
0.875439,0.464308
0.875731,0.464328
0.876023,0.464355
0.876316,0.464382
0.876608,0.464409
0.876901,0.464436
0.877193,0.464463
0.877485,0.464490
0.877778,0.464517
0.878070,0.464543
0.878363,0.464570
0.878655,0.464597
0.878947,0.464617
0.879240,0.464631
0.879532,0.464644
0.879825,0.464658
0.880117,0.464671
0.880409,0.464685
0.880702,0.464698
0.880994,0.464711
0.881287,0.464725
0.881579,0.464738
0.881871,0.464752
0.882164,0.464765
0.882456,0.464779
0.882749,0.464792
0.883041,0.464805
0.883333,0.464819
0.883626,0.464832
0.883918,0.464846
0.884211,0.464859
0.884503,0.464879
0.884795,0.464906
0.885088,0.464933
0.885380,0.464960
0.885673,0.464987
0.885965,0.465014
0.886257,0.465041
0.886550,0.465068
0.886842,0.465094
0.887135,0.465121
0.887427,0.465148
0.887719,0.465168
0.888012,0.465182
0.888304,0.465195
0.888596,0.465209
0.888889,0.465222
0.889181,0.465236
0.889474,0.465249
0.889766,0.465262
0.890058,0.465276
0.890351,0.465289
0.890643,0.465303
0.890936,0.465316
0.891228,0.465330
0.891520,0.465343
0.891813,0.465356
0.892105,0.465370
0.892398,0.465383
0.892690,0.465397
0.892982,0.465410
0.893275,0.465430
0.893567,0.465457
0.893860,0.465484
0.894152,0.465511
0.894444,0.465538
0.894737,0.465565
0.895029,0.465592
0.895322,0.465618
0.895614,0.465645
0.895906,0.465672
0.896199,0.465699
0.896491,0.465719
0.896784,0.465733
0.897076,0.465746
0.897368,0.465760
0.897661,0.465773
0.897953,0.465786
0.898246,0.465800
0.898538,0.465813
0.898830,0.465827
0.899123,0.465840
0.899415,0.465854
0.899708,0.465867
0.900000,0.465881
0.900292,0.465894
0.900585,0.465907
0.900877,0.465921
0.901170,0.465934
0.901462,0.465948
0.901754,0.465961
0.902047,0.465981
0.902339,0.466008
0.902632,0.466035
0.902924,0.466062
0.903216,0.466089
0.903509,0.466116
0.903801,0.466143
0.904094,0.466169
0.904386,0.466196
0.904678,0.466223
0.904971,0.466250
0.905263,0.466270
0.905556,0.466284
0.905848,0.466297
0.906140,0.466311
0.906433,0.466324
0.906725,0.466337
0.907018,0.466351
0.907310,0.466364
0.907602,0.466378
0.907895,0.466391
0.908187,0.466405
0.908480,0.466418
0.908772,0.466431
0.909064,0.466445
0.909357,0.466458
0.909649,0.466472
0.909942,0.466485
0.910234,0.466499
0.910526,0.466512
0.910819,0.466532
0.911111,0.466559
0.911404,0.466586
0.911696,0.466613
0.911988,0.466640
0.912281,0.466667
0.912573,0.466694
0.912865,0.466720
0.913158,0.466747
0.913450,0.466774
0.913743,0.466801
0.914035,0.466821
0.914327,0.466835
0.914620,0.466848
0.914912,0.466862
0.915205,0.466875
0.915497,0.466888
0.915789,0.466902
0.916082,0.466915
0.916374,0.466929
0.916667,0.466942
0.916959,0.466956
0.917251,0.466969
0.917544,0.466982
0.917836,0.466996
0.918129,0.467009
0.918421,0.467023
0.918713,0.467036
0.919006,0.467045
0.919298,0.467055
0.919591,0.467065
0.919883,0.467076
0.920175,0.467088
0.920468,0.467100
0.920760,0.467112
0.921053,0.467126
0.921345,0.467140
0.921637,0.467155
0.921930,0.467172
0.922222,0.467189
0.922515,0.467208
0.922807,0.467218
0.923099,0.467218
0.923392,0.467218
0.923684,0.467218
0.923977,0.467218
0.924269,0.467218
0.924561,0.467218
